Size,Time
50,77654827
50,84278818
50,62886644
50,59876680
50,59905855
50,68869844
50,106419725
50,69938736
50,64383585
50,60456324
50,121898134
50,73161314
50,74895690
50,69273999
50,79655135
50,62721416
50,80220894
50,76155832
50,70070259
50,65433665
50,81122502
50,68017929
50,70769709
50,84333176
50,57685343
50,57195370
50,58913765
50,55920852
50,64585844
50,53889529
50,70908360
50,72060409
50,70005763
50,55640253
50,54899388
50,69596756
50,54993618
50,55661633
50,57969304
50,55455071
50,63386591
50,57868260
50,56970578
50,56800015
50,57162832
50,69891628
50,54445481
50,66270249
50,80305802
50,69537929
50,81854931
50,80693629
50,63272314
50,66967390
50,60053978
50,55258387
50,57676287
50,56713656
50,55858134
50,61619791
50,55341355
50,55700928
50,54010781
50,59503904
50,55057894
50,61574728
50,55593449
50,55966630
50,56494758
50,62439472
50,61982942
50,55233818
50,62169233
50,55292378
50,59245809
50,55116194
50,55012740
50,60400625
50,67885334
50,61718284
50,55691735
50,65276570
50,58783870
50,54657404
50,61925133
50,53615518
50,56418796
50,56932451
50,57624870
50,56183387
50,54694790
50,59013444
50,67684005
50,55412198
50,76691600
50,57884961
50,59494085
50,61303175
50,55588545
50,57334509
50,67557954
50,56821211
50,55469699
50,55956333
50,57175379
50,54917414
50,67283070
50,57511557
50,57628963
50,53929679
50,57986106
50,56402352
50,56392892
50,54861687
50,60051082
50,57800892
50,55529262
50,54099389
50,57531847
50,61098051
50,60623689
50,59275485
50,69675817
50,57434801
50,61580514
50,57711685
50,57537339
50,56580382
50,58462698
50,55549835
50,65883328
50,74236215
50,58000974
50,94533342
50,55660931
50,55341746
50,55235804
50,53572923
50,61323164
50,69297916
50,52557515
50,73063627
50,61098179
50,55527821
50,55963566
50,60851836
50,56121637
50,60108238
50,59843678
50,56442733
50,58593847
50,55227749
50,57979927
50,55720415
50,55912527
50,58896487
50,57258714
50,70199392
50,56625003
50,70970898
50,54552831
50,54167971
50,69527257
50,56389342
50,65426347
50,58905625
50,57403762
50,56935743
50,55104088
50,64562697
50,56924039
50,55358089
50,56376157
50,60796582
50,60471030
50,84838160
50,75483795
50,79632176
50,68920951
50,61197944
50,64398045
50,61174424
50,71808353
50,75251057
50,64294942
50,64649857
50,77241155
50,75277795
50,98618364
50,81573607
50,79752174
50,78307912
50,169461460
50,68655025
50,61475096
50,74620914
50,92571983
50,118195866
50,81258938
50,121915411
50,88036358
50,116320650
50,99411082
50,94213214
50,74229492
50,81868701
50,61307468
50,80949801
50,62177746
50,77565148
50,72724630
50,65059044
50,75949682
50,68953750
50,59187213
50,78899708
50,63570643
50,75052742
50,56766772
50,60582573
50,62635555
50,62668780
50,62537160
50,54821101
50,57809910
50,64850124
50,62836061
50,59802866
50,58780446
50,59285728
50,55989450
50,68050664
50,63349296
50,59683648
50,76412883
50,68258922
50,61270519
50,61236263
50,57766227
50,61507812
50,57781113
50,57633063
50,56683566
50,57860807
50,55886188
50,56042436
50,58803343
50,70925624
50,56786651
50,88247505
50,57737851
50,56125032
50,63146286
50,76397252
50,56197695
50,67294354
50,59490404
50,54920132
50,59603671
50,54876915
50,57353566
50,59181424
50,67453182
50,57914564
50,63919803
50,64822367
50,57688078
50,56587585
50,58565068
50,65500508
50,62753102
50,62555991
50,60407028
50,64475271
50,62267362
50,59597809
50,63516236
50,80413240
50,59257131
50,56055902
50,59969982
50,56871475
50,69858801
50,62803584
50,61277171
50,1041945497
50,68163547
50,54550174
50,65183081
50,58718709
50,59030764
50,61929255
50,62924100
50,64814175
50,59181112
50,58626112
50,57406577
50,57629813
50,55291194
50,65574620
50,62232330
50,54886338
50,55261780
50,75423031
50,57441244
50,63945814
50,55061280
50,60185308
50,59406032
50,58670641
50,61930908
50,65100929
50,58967541
50,59501672
50,66251973
50,61134223
50,58694586
50,58985702
50,57142807
50,58474822
50,54709110
50,57171112
50,55385249
50,72470055
50,58467834
50,64381754
50,62610431
50,56850675
50,55620145
50,75248111
50,61497652
50,57801653
50,59334595
50,56808465
50,63554354
50,61575137
50,56742986
50,62966859
50,61694772
50,57992759
50,60738697
50,62727600
50,67623284
50,60304677
50,66581962
50,60940338
50,57847131
50,67034364
50,58078108
50,58229126
50,59459760
50,57582165
50,58395827
50,56948807
50,56170490
50,60152376
50,58043464
50,59011208
50,66770675
50,73630956
50,59345429
50,61268989
50,57218252
50,55440805
50,57560306
50,58425047
50,59753777
50,55821127
50,62932071
50,58443461
50,58549015
50,61660367
50,65096416
50,58875092
50,58246259
50,58526674
50,74551945
50,63286165
50,57891981
50,62861078
50,75925077
50,58602288
50,63023003
50,69116788
50,58567836
50,59669145
50,68290672
50,56803075
50,57830776
50,57938688
50,58540469
50,57522260
50,55273840
50,56009402
50,73790464
50,61719397
50,59266250
50,56859235
50,57894049
50,78619668
50,55955256
50,57271133
50,60933633
50,55037106
50,60208001
50,56890610
50,61077059
50,64355832
50,66609505
50,56223964
50,56172888
50,57855770
50,57432792
50,62065320
50,67839710
50,55094147
50,57346066
50,59168888
50,56367547
50,54497247
50,56984961
50,58108607
50,63699133
50,78007601
50,62031041
50,61822657
50,59278896
50,61468887
50,64596892
50,56589526
50,61114423
50,54208666
50,64335926
50,101292744
50,68333901
50,66315196
50,59011386
50,54642258
50,58894284
50,65559771
50,59974861
50,72600420
50,55630707
50,59005887
50,58669377
50,56527607
50,63202988
50,56961209
50,59082683
50,55603340
50,76231723
50,55388134
50,55990337
50,56629708
50,58045379
50,60060287
50,65608234
50,55152492
50,62686549
50,61307966
50,60197401
50,61400936
50,58645185
50,58489144
50,72623301
50,54163699
50,59174186
50,72177323
50,54676536
50,59600894
50,71962885
50,73479897
50,59552792
50,59711847
50,61750977
50,56704693
50,57978901
50,66879330
50,60863844
50,57983666
50,56035850
50,57676499
50,58264926
50,55968792
50,69587095
50,55708848
50,83465807
50,61198912
50,59122879
50,85381771
50,56961822
50,58842820
50,57505224
50,59840478
50,75111140
50,61236337
50,56115727
50,58296180
50,57940728
50,65188915
50,57944725
50,61591482
50,56482094
50,56796085
50,68197665
50,56500750
50,59070882
50,74591878
50,57658586
50,67824980
50,59498148
50,59678819
50,57476166
50,59147141
50,57260505
50,60528959
50,68237177
50,76011345
50,60084075
50,54628099
50,58744284
50,60692603
50,58138008
50,57840921
50,57255159
50,55521420
50,58973435
50,57964851
50,57873389
50,56314008
50,54952873
50,56876989
50,57709170
50,54771758
50,60946240
50,56461621
50,59389797
50,59933236
50,56020551
50,75303632
50,55436168
50,58608486
50,59703196
50,58126754
50,58677676
50,55736899
50,58221585
50,57916253
50,56484320
50,60459515
50,57170431
50,58582703
50,58939677
50,56578206
50,57484240
50,63364776
50,68055925
50,58260273
50,61269202
50,63142503
50,67767298
50,56003610
50,61288879
50,58060243
50,73323913
50,61231616
50,63506094
50,56206758
50,57911001
50,59940763
50,58798518
50,56441305
50,61721650
50,57205929
50,58089993
50,57841094
50,56026793
50,63746243
50,69048186
50,58823653
50,58008048
50,54915973
50,59538563
50,61650114
50,59782732
50,71563355
50,54715137
50,64316808
50,63227859
50,63250515
50,64922067
50,55486425
50,57115690
50,58682470
50,55829151
50,57494344
50,56025842
50,61477770
50,59179252
50,57845494
50,57676792
50,60078314
50,57534154
50,68292338
50,57117539
50,61718392
50,57369007
50,75898783
50,56769244
50,64100303
50,54983272
50,72952813
50,62211012
50,57634738
50,58913310
50,56372438
50,58137664
50,59663814
50,56979420
50,56198618
50,55706741
50,60825927
50,57915767
50,59331870
50,62848792
50,58390046
50,55863975
50,59580726
50,60751209
50,57898271
50,59472512
50,56392574
50,63192986
50,58500922
50,60574984
50,57874697
50,57858711
50,59269607
50,65324894
50,59932980
50,58491454
50,57760329
50,62990866
50,64379977
50,56201659
50,57887043
50,59562197
50,56970865
50,55728523
50,56974533
50,59504111
50,59828359
50,58164125
50,63859313
50,57305703
50,58108300
50,58589866
50,59243936
50,72262697
50,64261145
50,58158429
50,62761978
50,61662270
50,65065246
50,56864952
50,60383662
50,55817232
50,56534706
50,62089872
50,66253831
50,58549907
50,57745695
50,56096214
50,56974602
50,55492713
50,60328587
50,56550589
50,62104557
50,56992477
50,56899987
50,59330411
50,58362342
50,62586645
50,58575357
50,59651809
50,56610930
50,58215527
50,57367116
50,56503592
50,58704511
50,60049964
50,65137434
50,56658436
50,60443969
50,59583804
50,59571439
50,83875273
50,90981615
50,69092606
50,70357042
50,55781320
50,56321567
50,58238235
50,71937346
50,58177753
50,73927990
50,60840489
50,63170060
50,56305244
50,58356324
50,57243361
50,59638160
50,58884944
50,59325701
50,58447187
50,57749729
50,59563153
50,58695911
50,61024373
50,57126302
50,58111466
50,57376325
50,61271975
50,65787580
50,58972356
50,57617652
50,58726348
50,61628784
50,56360124
50,59499643
50,68117243
50,56682466
50,60164006
50,56302868
50,58830062
50,57520684
50,59787081
50,58520208
50,56396705
50,60492655
50,59928519
50,65009002
50,60516163
50,73671631
50,56328367
50,65828497
50,65413533
50,58494419
50,59436032
50,71583693
50,59586904
50,56847667
50,74388069
50,62125088
50,58106187
50,61562053
50,65870418
50,63498804
50,63931308
50,57379979
50,60431621
50,58698755
50,61870171
50,56548423
50,57727521
50,58691713
50,60159954
50,68388194
50,75156936
50,57663660
50,58311553
50,56772980
50,65604901
50,57365421
50,57361265
50,56933862
50,62177447
50,58854165
50,59293198
50,56309174
50,59066395
50,55010146
50,68016342
50,59676304
50,57356659
50,59504501
50,57368957
50,61059388
50,59717208
50,63335401
50,56977828
50,63230840
50,61106320
50,55468503
50,56943912
50,58087854
50,67092779
50,65194230
50,57594712
50,72528749
50,72836333
50,61209505
50,58974658
50,75207935
50,58638381
50,59945322
50,59179968
50,58328518
50,60832154
50,59307481
50,60268755
50,59636686
50,57859835
50,60627461
50,58517465
50,58532384
50,66047994
50,58209295
50,65091132
50,56853086
50,62157734
50,62846881
50,60220312
50,59450881
50,60937891
50,55978291
50,61502616
50,57079165
50,64151746
50,56550828
50,64922542
50,58631594
50,61656326
50,70264297
50,58496949
50,65514759
50,65737745
50,55738296
50,60239708
50,59752786
50,58791545
50,63563175
50,63246776
50,116933703
50,90049403
50,57006730
50,76259769
50,60782668
50,62146941
50,61355906
50,56959126
50,59300490
50,61274825
50,59393818
50,64628825
50,58923537
50,64986817
50,57074862
50,57392811
50,59138626
50,60348689
50,57171920
50,61457312
50,65914154
50,62167823
50,58159891
50,62401491
50,61233185
50,56348717
50,60879266
50,139139475
50,83145369
50,58198293
50,55688407
50,60950260
50,58188640
50,59400601
50,63134981
50,58612029
50,57605948
50,70259907
50,59303451
50,58801432
50,56898432
50,57681000
50,63366924
50,59377967
50,60251855
50,61163691
50,59306947
50,61268523
50,56878306
50,59269096
50,76092296
50,61585170
50,61263619
50,65197855
50,62041456
50,62055513
50,63569955
50,71883284
50,60764272
50,62029099
50,59055893
50,57380706
50,60230234
50,62221443
50,60352744
50,63753602
50,60224548
50,58976373
50,59435366
50,56675544
50,62668339
50,64797924
50,65756377
50,59775377
50,57580105
50,62623049
50,58355421
50,67066874
50,60406400
50,59467554
50,59527899
50,65621879
50,64323638
50,58524171
50,60085886
50,57526133
50,60295571
50,57773148
50,68173483
50,57297742
50,60196595
50,61040879
50,61142328
50,68473828
50,63860743
50,65795929
50,58787323
50,72885627
50,71934295
50,65431072
50,59379615
50,60091545
50,62292324
50,57945860
50,70503508
50,56601237
50,89097091
50,61147950
50,59286635
50,60632051
50,59078097
50,61010580
50,58879818
50,58950012
50,56777872
50,59649509
50,58663561
50,75798442
50,60159858
50,59691389
50,58775708
50,69492381
50,80870551
50,62422467
50,58704836
50,58020470
50,62584484
50,59933968
50,57492303
50,59310996
50,59385621
50,57890797
50,59907675
50,58357385
50,63233013
50,58963633
50,59929629
50,58701511
50,63274357
50,59375459
50,63405310
50,59651670
50,61885336
50,58606394
50,73117919
50,64014050
50,63819256
50,60300570
50,58573836
50,63675581
50,58897769
50,60399771
50,60084523
50,59615437
50,60779792
50,61480171
50,63704955
50,60981733
50,60299433
50,61887798
50,63034063
50,58647249
50,62599790
50,58964945
50,63772319
50,65678432
50,60637837
50,61480639
50,59360074
50,60710700
50,62563290
50,62407938
50,61258670
50,60453499
50,57120200
50,58539108
50,60843860
50,58263958
50,63229273
50,59428297
50,60776048
50,60168494
50,60312675
50,66112826
50,59924916
50,59831959
50,61320194
50,56358751
50,61091624
50,60035071
50,62566261
50,73084292
50,62368173
50,60497328
50,62495967
50,60087831
50,60724415
50,60793418
50,61170146
50,60787144
50,58504618
50,60182453
50,58570480
50,58728988
50,61116879
50,61256931
50,61642629
50,60215665
50,58676451
50,58960389
50,63052732
50,61381583
50,61049817
50,58970973
50,57409685
50,61403250
50,63498380
50,62877220
50,61151689
50,68479769
50,60273883
50,60142657
50,57859281
50,64075038
50,58436298
50,68954598
50,60318575
50,60977434
50,61347669
50,59430374
50,58221070
50,60674092
50,59957593
50,62757006
50,68554949
50,59173328
50,60656669
50,59762046
50,75986037
50,67170731
50,67889809
50,63747423
50,59472891
50,60911158
50,62920492
50,62896947
50,65962879
50,59862963
50,70530437
50,56549542
50,64593065
50,62016233
50,58063115
50,59069832
50,60429357
50,61494777
50,61666535
50,59144496
50,60075318
50,59516734
50,59415621
50,59169852
50,59139850
50,61101561
50,63145026
50,59401630
50,62048253
50,60281454
50,63052035
50,59736273
50,57180473
50,60221615
50,58914664
50,58876904
50,62697612
50,58214136
50,60699606
50,58312162
50,57687361
50,63073191
50,59540562
50,60195964
50,64230507
50,58808659
50,59894071
50,75975060
50,59985020
50,67998737
50,58304404
50,61511787
50,60231558
50,56884518
50,59679061
50,63554186
50,59115620
50,61586996
50,58683969
50,61260087
50,59158810
50,60535246
50,58870960
50,57934239
50,60557019
50,57205765
50,58180576
50,62465521
50,58564178
50,61436096
50,57818950
50,60721580
50,59926236
50,61525908
50,65661538
50,59083761
50,58151861
50,59926130
50,59853333
50,57027630
50,61844278
50,59821684
50,60151170
50,58532357
50,59333086
50,70307303
50,59247196
50,60911042
50,60067993
50,58087832
50,60268246
50,60714760
50,63024007
50,59797970
50,75243466
50,65485044
50,61852485
50,62082922
50,61552647
50,57417921
50,60886876
50,61111413
50,61672186
50,63178372
50,60735120
50,62037427
50,56895904
50,62049752
50,62070497
50,58246493
50,61671092
50,57991969
50,58956613
50,61231082
50,60626862
50,58376932
50,88580545
50,66699600
50,63457311
50,59586933
50,58260261
50,63353722
50,59843131
50,64496128
50,57832986
50,57407871
50,61615820
50,56808175
50,61067146
50,61044524
50,59925334
50,62485974
50,56953069
50,61303793
50,65785267
50,61153934
50,61451984
50,56890072
50,59772294
50,63592336
50,59822253
50,73855687
50,63219840
50,61176890
50,64117072
50,61217026
50,60248126
50,60300752
50,66713990
50,59471838
50,62976203
50,59898165
50,63063866
50,61100524
50,60446121
50,59095198
50,58500663
50,60417738
50,61450272
50,65939267
50,60102145
50,58526193
50,62000335
50,60848923
50,59427680
50,60208655
50,59792155
50,58257812
50,61305754
50,58619842
50,63995491
50,61374718
50,60811923
50,60453624
50,61836610
50,62940550
50,62953197
50,60284618
50,58770131
50,60589311
50,60209849
50,59150483
50,59545176
50,58515712
50,60854644
50,60530183
50,59148764
50,58906766
50,73242279
50,64074850
50,62314507
50,60657438
50,63502898
50,62108785
50,68722401
50,65419343
50,59899701
50,67387701
50,59950555
50,60356975
50,60222236
50,60521322
50,63567265
50,61950153
50,65217251
50,59376684
50,60607392
50,60974217
50,64602767
50,61097006
50,59473630
50,58146797
50,60277161
50,57921121
50,60656921
50,59611721
50,59879292
50,62309090
50,61336831
50,57944955
50,59196335
50,59823322
50,59188832
50,59621511
50,58233319
50,59662569
50,59994235
50,62029582
50,65550309
50,63209387
50,58026130
50,58908433
50,61093795
50,63144355
50,59737850
50,74777349
50,67419161
50,65110976
50,64066126
50,59353175
50,61682461
50,62581927
50,62372639
50,57745665
50,61744174
50,61197195
50,61857570
50,62254653
50,63445350
50,61880934
50,59896471
50,58838875
50,59296934
50,57622770
50,62146499
50,61080089
50,60299383
50,63025171
50,60838194
50,61388770
50,61502271
50,61077968
50,61545954
50,59184291
50,59163487
50,61322877
50,60419028
50,61578590
50,60009114
50,60154343
50,60828653
50,60681371
50,65018464
50,60745632
50,60257165
50,60738785
50,60668171
50,58932487
50,63960023
50,61665203
50,61407189
50,58078530
50,79752939
50,80056211
50,60680575
50,59420302
50,60763535
50,61403993
50,62598146
50,60158687
50,62562004
50,63244371
50,58758841
50,60884596
50,59289130
50,57954710
50,62049563
50,60883772
50,59143049
50,63326828
50,61571477
50,58179205
50,60082243
50,64862043
50,61023896
50,61533025
50,65310501
50,59258085
50,61013309
50,59777557
50,58640841
50,63273322
50,58273649
50,60126655
50,60708493
50,58732583
50,62197211
50,59943541
50,59786871
50,61622838
50,62384765
50,63123860
50,61056450
50,62293017
50,59556550
50,61052494
50,64120975
50,64082425
50,60405554
50,76901407
50,71244293
50,63195385
50,57954637
50,62265630
50,65456178
50,60642835
50,60162922
50,65260976
50,67792432
50,60345256
50,61145069
50,59447126
50,64740519
50,60798791
50,61408273
50,60298452
50,61983415
50,62518027
50,60445160
50,62710122
50,62994874
50,62828867
50,62197572
50,60284503
50,60479160
50,61633648
50,64352270
50,63628321
50,63823610
50,61254330
50,59729556
50,60381697
50,62310718
50,61272487
50,60910844
50,60860324
50,63727188
50,84500070
50,63225942
50,62346547
50,63769684
50,61264168
50,62058763
50,60227210
50,62672410
50,61182082
50,77529368
50,76387021
50,62050486
50,62237099
50,61082543
50,61514317
50,61777474
50,60721547
50,60870732
50,64882012
50,64404685
50,62550998
50,61613087
50,64341256
50,59359311
50,61869317
50,60523367
50,62833319
50,62094413
50,61339126
50,60405036
50,60037017
50,61809299
50,63428694
50,61108093
50,61193173
50,61353480
50,61184910
50,59377787
50,60896516
50,60973737
50,61405062
50,60952774
50,68144171
50,59062683
50,61948441
50,59147769
50,67085532
50,60684028
50,60955869
50,66392331
50,61170511
50,60845526
50,62833334
50,60507645
50,60983917
50,61277558
50,79485018
50,73556949
50,62568653
50,61439667
50,61439595
50,61775709
50,61752391
50,65736377
50,67059898
50,59676617
50,63208433
50,64798403
50,59241734
50,66941917
50,64512061
50,63267350
50,60914738
50,74670139
50,63581536
50,61357031
50,63993765
50,61259781
50,61463251
50,66132731
50,60299454
50,60510663
50,63325570
50,64772751
50,62726820
50,62613023
50,63935159
50,62259329
50,62711924
50,63450041
50,61076486
50,61036478
50,63932951
50,60785600
50,62706549
50,63086523
50,62101410
50,62329213
50,63309507
50,61487892
50,63052223
50,60808658
50,61946577
50,75997507
50,67428981
50,67291250
50,64623700
50,63720529
50,61142969
50,63729033
50,60220171
50,60921950
50,61640426
50,64998665
50,61327930
50,70309483
50,59724357
50,66915379
50,60788396
50,63257854
50,61604669
50,61390833
50,63529706
50,64943330
50,61821557
50,63829338
50,64542097
50,61029020
50,63514727
50,61853095
50,61361600
50,62934785
50,64503049
50,60145518
50,61740936
50,63048645
50,65057084
50,64843542
50,61099591
50,63759946
50,63328383
50,61692687
50,65280524
50,63225058
50,59636360
50,64918121
50,61420300
50,61518151
50,62848777
50,61318974
50,79465571
50,79629243
50,65176984
50,66787558
50,67991343
50,61778230
50,59541849
50,57940778
50,67748356
50,62547166
50,65695428
50,63228818
50,59166401
50,66819773
50,61284916
50,62867537
50,63020810
50,63068346
50,61891257
50,62483753
50,67043250
50,66693096
50,61481882
50,61370457
50,61490909
50,60106742
50,63970954
50,62009088
50,65792008
50,64504257
50,62192835
50,63894138
50,63909332
50,63660575
50,61586290
50,62202084
50,63649210
50,61599612
50,70383650
50,60832758
50,61922372
50,63548142
50,59964151
50,63268673
50,62648498
50,64705465
50,64572249
50,75678586
50,68469912
50,64515154
50,66756169
50,62383509
50,63256320
50,64825943
50,64061897
50,62151234
50,61506093
50,65492327
50,66826106
50,60284758
50,64664103
50,62820698
50,61402729
50,61408004
50,62203821
50,62160529
50,62818168
50,66046758
50,63493765
50,62304812
50,63553769
50,63048830
50,66619966
50,62406069
50,61868816
50,62089800
50,64698613
50,62260144
50,65612633
50,65315758
50,61868950
50,64608574
50,62206931
50,61793726
50,62924536
50,62598155
50,65183140
50,63880507
50,67558648
50,70654986
50,64935573
50,62439364
50,64295268
50,66750931
50,77732873
50,70470725
50,62369670
50,63682952
50,67146222
50,86636537
50,64599155
50,63374912
50,62553045
50,64578083
50,65412845
50,59959567
50,72239769
50,60924955
50,67804980
50,63297794
50,63292363
50,63091517
50,65805998
50,64305847
50,62631062
50,62074995
50,62046555
50,64545832
50,65073359
50,62253164
50,62242026
50,63693185
50,61469349
50,64080648
50,61673955
50,62563834
50,64517195
50,60540524
50,65679025
50,66155796
50,63136060
50,70333810
50,65041914
50,66335962
50,64670183
50,66862138
50,62674929
50,65248636
50,65270445
50,63384006
50,92255934
50,74935888
50,64664003
50,66086047
50,63259763
50,64149990
50,63000664
50,63687391
50,61230401
50,63364650
50,62190590
50,60845988
50,61643275
50,62425643
50,64410782
50,63024907
50,62616199
50,59920605
50,65223574
50,62414256
50,62843448
50,58752934
50,60566999
50,65547625
50,67012745
50,66243877
50,62396084
50,63803070
50,63686236
50,60633110
50,58546100
50,60989831
50,60848799
50,61916487
50,59659818
50,61066373
50,59926751
50,61864075
50,60484249
50,61399628
50,60653586
50,65040708
50,59579848
50,59830466
50,62371075
50,60233671
50,61252814
50,59460136
50,74184284
50,67549924
50,63757761
50,59995686
50,59538550
50,62856062
50,62427866
50,62248677
50,62724667
50,58718850
50,59016728
50,60565202
50,62913223
50,57965777
50,58942408
50,62745398
50,58198781
50,65143972
50,62774485
50,63279068
50,59152963
50,65522578
50,66551074
50,61102431
50,59287649
50,63547345
50,59773766
50,59404274
50,60906480
50,59269284
50,62976338
50,61069524
50,61203392
50,64737547
50,59714170
50,60004327
50,60749185
50,63983827
50,61521971
50,63069415
50,60261353
50,61491906
50,63101723
50,60190620
50,60165541
50,60423196
50,64039332
50,81119618
50,65097322
50,62899590
50,62530349
50,62671419
50,62689826
50,60496977
50,63388822
50,59460480
50,59847375
50,60292131
50,60809070
50,62369479
50,60163904
50,61283135
50,65055138
50,59004309
50,59961528
50,61235334
50,60149138
50,60736117
50,60330899
50,64294644
50,59337408
50,58657845
50,61104653
50,63695709
50,59660166
50,60944962
50,62262284
50,60506917
50,59799088
50,62029290
50,60187610
50,57535676
50,65313097
50,60427668
50,60952877
50,63104417
50,61567736
50,61127129
50,64755899
50,59737839
50,65240528
50,59308730
50,60572797
50,60179687
50,72890278
50,69023399
50,67291136
50,60367064
50,61871950
50,59199434
50,60040092
50,60134896
50,62402824
50,62458542
50,62924395
50,61816953
50,65058648
50,59513062
50,62550217
50,62401282
50,57942593
50,64140021
50,59574125
50,60662821
50,59561580
50,61234486
50,63488149
50,58318847
50,62314736
50,62602985
50,62929302
50,61421738
50,60621236
50,61560588
50,59239553
50,61066368
50,64484403
50,61475433
50,58023831
50,59834330
50,60499397
50,60336238
50,64982708
50,63168931
50,61010784
50,59724856
50,59518614
50,59816067
50,61391868
50,59887745
50,60632003
50,74011045
50,66380136
50,61409862
50,65057467
50,60184869
50,59387586
50,62911379
50,62039207
50,60337121
50,64080662
50,63811982
50,61688814
50,60637292
50,63076454
50,63522505
50,59488924
50,60197127
50,62785701
50,59310848
50,59622252
50,75819222
50,68748797
50,62606503
50,65285597
50,64247083
50,61874392
50,60158798
50,62503265
50,62437713
50,62593990
50,60617297
50,61782215
50,66284351
50,60047970
50,62612258
50,59858679
50,58459236
50,61656816
50,57814982
50,65968986
50,61757463
50,63927000
50,67088804
50,62700871
50,58259987
50,65734173
50,60784290
50,75318915
50,77650073
50,69567707
50,63884800
50,58664767
50,59383923
50,60157411
50,66524077
50,69054648
50,66879521
50,59939791
50,60756653
50,59877534
50,59368428
50,61048461
50,58865594
50,62955194
50,66172223
50,62529564
50,63203576
50,57363305
50,59254681
50,61430625
50,60543119
50,62767778
50,61201269
50,60380824
50,60174920
50,59669426
50,63069466
50,60662276
50,64285373
50,65733838
50,61614079
50,59681200
50,61805929
50,60286085
50,62485009
50,59352062
50,59851117
50,65596065
50,59736922
50,62749202
50,61949553
50,61936923
50,63278179
50,59528709
50,78131429
50,78819856
50,66145669
50,66483075
50,62175700
50,61869821
50,62420731
50,64233747
50,60547918
50,58456019
50,61325832
50,60188729
50,62881956
50,62140581
50,62068262
50,61437851
50,60975028
50,58637966
50,62461240
50,61059151
50,59426637
50,60307915
50,62203453
50,61568406
50,65362132
50,61756387
50,60915814
50,60484151
50,59816064
50,63780237
50,59324623
50,60120105
50,61401881
50,61694929
50,60153719
50,60429324
50,61398512
50,63376022
50,61505229
50,62716692
50,62473209
50,58568201
50,64434146
50,61463001
50,63810195
50,63715189
50,61269206
50,78544048
50,68852530
50,67781562
50,64211661
50,60941091
50,61195882
50,59638851
50,60280358
50,60694516
50,60466947
50,63827699
50,58986585
50,62128759
50,62735155
50,62383560
50,60257101
50,60322745
50,61689227
50,61650238
50,58506006
50,60097526
50,61082252
50,65849416
50,60528768
50,59909352
50,61689240
50,61840939
50,61703939
50,62632471
50,62967331
50,58186048
50,63428522
50,60921387
50,60445748
50,63284564
50,63338677
50,60745340
50,60514219
50,61111178
50,61341726
50,60294780
50,60272189
50,67214372
50,58822272
50,64078646
50,62834099
50,65316451
50,75556406
50,67349357
50,64040390
50,62452473
50,64600028
50,62624086
50,60559603
50,59280674
50,63109672
50,62401613
50,61828622
50,60821171
50,64667610
50,64274943
50,62190477
50,62622643
50,64987478
50,59023615
50,60160248
50,62304565
50,60806393
50,60044101
50,60808492
50,59618854
50,64297277
50,60636261
50,62235665
50,61701553
50,66400698
50,62287117
50,62430310
50,60192993
50,60177731
50,60826014
50,62270683
50,60803529
50,59512132
50,61255759
50,63381089
50,62719920
50,61510798
50,60962056
50,66080730
50,63932934
50,61594243
50,61376086
50,62692343
50,80682983
50,62519561
50,62680924
50,63877204
50,64798935
50,61111858
50,61516653
50,61091554
50,60433597
50,61635926
50,63544175
50,64203808
50,60874396
50,61296165
50,63163692
50,65323916
50,62676736
50,60598947
50,60293867
50,64183528
50,63437217
50,60955968
50,61339876
50,67399295
50,60850447
50,60699500
50,62092770
50,61015183
50,64290791
50,63419018
50,62039409
50,60302787
50,59929808
50,62881341
50,67539424
50,83542378
50,64013413
50,61605211
50,64730304
50,59514091
50,113115116
50,62877020
50,64133674
50,67943154
50,67790010
50,60870182
50,62615859
50,78622485
50,65350670
50,67058551
50,62176758
50,60959575
50,60498720
50,60932080
50,63717355
50,63210606
50,64725008
50,62570506
50,60640687
50,62855825
50,62733716
50,60750933
50,64106713
50,60536762
50,65047332
50,61809494
50,63648589
50,67556652
50,60035378
50,60482571
50,60977044
50,63426575
50,64353514
50,63951028
50,63167462
50,60310147
50,60948261
50,65555035
50,64911752
50,66793952
50,61202006
50,63537219
50,62040913
50,60826473
50,63325918
50,65328980
50,58756428
50,61750774
50,63159035
50,63148121
50,63129129
50,62277723
50,60311269
50,64599217
50,76170317
50,71361325
50,64569802
50,77582243
50,68196909
50,68894626
50,70185237
50,62969411
50,84132330
50,95450901
50,83469560
50,98877850
50,88400709
50,84440672
50,88495530
50,90641171
50,82155620
50,91107086
50,89931143
50,83386383
50,91342176
50,88496918
50,77826798
50,78206157
50,94972282
50,81999582
50,89548586
50,94626270
50,80623031
50,89181416
50,90120783
50,80211186
50,88947115
50,93583161
50,84100586
50,86223438
50,97927522
50,86778339
50,80528143
50,93002851
50,87180480
50,85608350
50,90445809
50,87456527
50,80027312
50,89702258
50,86726759
50,138059048
50,118002244
50,134713976
50,113404758
50,97682895
50,97940982
50,80165253
50,93409519
50,89424895
50,81913087
50,91674355
50,94980506
50,78304922
50,88970697
50,90405548
50,83529833
50,90188123
50,95724649
50,82750033
50,100175117
50,95472512
50,83026688
50,88849105
50,92085547
50,85077341
50,93069191
50,99885172
50,80799913
50,93090376
50,94884688
50,85048930
50,87369557
50,92764028
50,77314784
50,87942152
50,90506860
50,83635805
50,92863536
50,93947250
50,85142641
50,88573234
50,96546954
50,82944912
50,85098437
50,93458512
50,82413389
50,85425252
50,169265772
50,87718134
50,98835361
50,94165480
50,87344665
50,82437986
50,79622148
50,79094514
50,82565038
50,81207352
50,80357300
50,76348775
50,82170818
50,82840649
50,81521427
50,76915852
50,81991376
50,78358338
50,80937185
50,83940006
50,80262319
50,81316136
50,82531908
50,81599138
50,83684545
50,85373146
50,83151152
50,84325555
50,81164334
50,82569053
50,83070389
50,80693900
50,75555224
50,78265540
50,80339660
50,98088083
50,98630570
50,102495920
50,93503691
50,95838965
50,94129343
50,95649496
50,93281186
50,82948575
50,69195051
50,64871950
50,62450811
50,78399846
50,77822841
50,65598724
50,62334082
50,64248168
50,64946542
50,64112444
50,62680632
50,61303950
50,62761438
50,71277943
50,67912015
50,63400213
50,63064492
50,62088557
50,63555937
50,60817798
50,64374708
50,62744304
50,62502236
50,62259773
50,63334987
50,61937176
50,63617625
50,60320878
50,60962812
50,67132119
50,63479072
50,64105776
50,64664450
50,64259101
50,63931555
50,87989856
50,63640031
50,66705191
50,61689840
50,63229255
50,60904820
50,62486222
50,63250384
50,61043632
50,62006293
50,61700891
50,64957004
50,66937096
50,64803385
50,64389774
50,79319492
50,66501905
50,65748048
50,62618315
50,63232920
50,59716134
50,61119641
50,62562528
50,64347168
50,65734380
50,64541350
50,58925181
50,63954438
50,60221505
50,61512187
50,60764355
50,63131312
50,65050985
50,64388953
50,60501374
50,63557920
50,61412686
50,61828564
50,61494146
50,63083762
50,65445611
50,63402201
50,69777661
50,61585170
50,63374767
50,65851798
50,61605829
50,61231526
50,63946075
50,63017408
50,62096019
50,60566479
50,62636805
50,66999619
50,65203258
50,62494673
50,64541560
50,64460890
50,64956840
50,63423260
50,62772478
50,63633489
50,81390992
50,65607503
50,64019974
50,62343359
50,64356811
50,62224466
50,64802356
50,61233511
50,63179327
50,62856775
50,62149375
50,63265815
50,63737231
50,60940524
50,60389924
50,65540429
50,66130548
50,61594858
50,61344099
50,62615636
50,62264433
50,62681671
50,61551423
50,61392897
50,62008566
50,64116680
50,64560925
50,65912083
50,64130493
50,63446185
50,62798138
50,62711037
50,62777614
50,61097544
50,65197410
50,66361962
50,63709955
50,63041961
50,62892769
50,61870577
50,64545610
50,62433528
50,63701781
50,61010477
50,60246643
50,62079027
50,63624677
50,82141771
50,67040923
50,67911996
50,63106652
50,62164925
50,62095949
50,61691651
50,61661764
50,64637524
50,62476567
50,60934136
50,63260144
50,62628470
50,65386725
50,61927956
50,59733212
50,66234079
50,59981944
50,65809929
50,62710587
50,62517313
50,62522861
50,65786338
50,61681180
50,62473221
50,66691866
50,62032385
50,60553486
50,63485002
50,66495757
50,62869483
50,64260010
50,61477229
50,60269664
50,63802546
50,61987806
50,62068727
50,62775858
50,62403025
50,62750738
50,63017218
50,64614309
50,65441523
50,62089777
50,65235838
50,64002640
50,61115521
50,83315580
50,67732736
50,66030256
50,60976171
50,62077058
50,64751949
50,62295268
50,60362086
50,61667374
50,61810919
50,64204273
50,60247779
50,61376360
50,64521160
50,63075171
50,66550977
50,64868690
50,62810008
50,64782450
50,60410526
50,63356076
50,64266212
50,66664054
50,62230190
50,62505538
50,62239269
50,65289727
50,61080446
50,63756386
50,62988247
50,63028862
50,61147621
50,65177329
50,63953331
50,62775393
50,67504682
50,64613841
50,64456118
50,62009525
50,65950606
50,62090069
50,62416823
50,63773706
50,62357873
50,66646805
50,66565258
50,60984479
50,78198336
50,67532545
50,64731337
50,61936205
50,64996402
50,63703282
50,63158927
50,63856951
50,65124476
50,60931387
50,62424986
50,61985050
50,63767528
50,59844363
50,65153363
50,64112804
50,60960381
50,63414341
50,62408728
50,61696844
50,62918076
50,61906696
50,63083910
50,61381175
50,63149457
50,64913114
50,61549337
50,59917458
50,63402901
50,62705546
50,62426720
50,62736361
50,64955181
50,61190466
50,62058565
50,62953146
50,63353768
50,62701519
50,62276713
50,62801380
50,65958103
50,63042167
50,60959625
50,63536101
50,65701984
50,63243475
50,61214895
50,115749147
50,78121074
50,64993598
50,64193259
50,62489580
50,63415574
50,65208530
50,65678274
50,67807712
50,61191487
50,61863230
50,60563804
50,62877156
50,64586865
50,67091484
50,65486501
50,63798883
50,61351008
50,64965999
50,62735296
50,60382124
50,63972661
50,64111262
50,62494377
50,61579778
50,60539486
50,64375109
50,64583678
50,64131189
50,62779686
50,61367037
50,66597813
50,61464399
50,61417189
50,60994054
50,62490231
50,66482735
50,63987317
50,65545643
50,62016793
50,64444564
50,66936098
50,60922950
50,64235695
50,65698718
50,63929598
50,66233503
50,77094886
50,70248745
50,70933780
50,63509436
50,63936102
50,63318561
50,64083967
50,65615666
50,64550884
50,66337062
50,64019793
50,63527198
50,63928661
50,66147313
50,62744454
50,61952272
50,62381548
50,60414304
50,69481365
50,63663211
50,64306613
50,64369986
50,63455126
50,61366088
50,62635611
50,62136718
50,65616823
50,63818460
50,63571408
50,61970767
50,61458791
50,65470194
50,63600602
50,62230518
50,64132088
50,61930604
50,63965371
50,61857343
50,62518041
50,64287345
50,66132792
50,64233483
50,62976734
50,62087981
50,61045064
50,60997601
50,63225728
50,83000622
50,73381301
50,64523730
50,62782244
50,62107851
50,63602574
50,60817851
50,63862870
50,65214061
50,63345669
50,63089902
50,62389031
50,63969821
50,64060086
50,65656477
50,62420631
50,65414869
50,62260078
50,64040422
50,65146155
50,64215039
50,60602541
50,62758435
50,62097719
50,62342719
50,62009313
50,63544893
50,59259798
50,64970247
50,64511890
50,63398012
50,65182132
50,62175279
50,64107788
50,64194730
50,65158453
50,63073979
50,64261691
50,63990909
50,67025106
50,64531014
50,68146566
50,62490143
50,66109646
50,63899762
50,66999856
50,65194743
50,80976891
50,75244905
50,65012266
50,61563474
50,66094225
50,66194176
50,69007987
50,71562275
50,61043513
50,61467704
50,62218003
50,61123346
50,66587973
50,63471385
50,61538896
50,65175542
50,61708287
50,66012726
50,63201296
50,62823552
50,65722536
50,63479368
50,65554624
50,63800184
50,63290048
50,63742212
50,62877137
50,63556210
50,63054362
50,60595569
50,64974708
50,63335813
50,63783881
50,65182595
50,60897707
50,64846121
50,60701063
50,65567501
50,67412286
50,62705309
50,62643319
50,67788796
50,60359099
50,68134375
50,61973715
50,62973604
50,65353744
50,79182160
50,77157830
50,67578707
50,61158938
50,62585510
50,64482397
50,64245590
50,63411494
50,61834396
50,65135608
50,61831101
50,60990829
50,65409677
50,63422091
50,65607635
50,63381997
50,66433707
50,69451393
50,63361828
50,64191867
50,64786596
50,62928855
50,64882301
50,62086869
50,62323543
50,64628633
50,66005170
50,63628331
50,67259820
50,62314460
50,62686584
50,64484117
50,68064642
50,62378818
50,64931696
50,62637206
50,62386611
50,65483344
50,63859967
50,64772355
50,64897127
50,61444998
50,63453920
50,62259295
50,61199977
50,65922923
50,62845984
50,78128553
50,73424890
50,64603704
50,69097842
50,63144039
50,63853696
50,62899295
50,63072167
50,62066728
50,63925140
50,62662680
50,87638319
50,65546974
50,66600206
50,64798270
50,63647794
50,63988937
50,64946855
50,63911280
50,66987576
50,65235659
50,64541929
50,62858244
50,61022704
50,64463782
50,59811568
50,66378186
50,63533665
50,61789778
50,68220516
50,61959601
50,65393332
50,62247852
50,67149797
50,61307926
50,64514833
50,64886984
50,63241374
50,60659771
50,64643148
50,64830599
50,64360843
50,66222503
50,64648837
50,62979742
50,64946769
50,62259943
50,76586763
50,67911971
50,65646032
50,66931908
50,63679535
50,63732394
50,62509642
50,66179031
50,66654169
50,66689751
50,70421474
50,63247332
50,63596858
50,63484127
50,65228490
50,64320726
50,62512353
50,63413665
50,64889262
50,66121728
50,68546911
50,62208187
50,64973777
50,64213536
50,64824444
50,65142989
50,60729130
50,63322128
50,64838816
50,63560655
50,61857908
50,62532438
50,61824093
50,65909901
50,62090257
50,63281208
50,63337618
50,63940351
50,62057627
50,63685813
50,63303396
50,65417260
50,61574702
50,63343047
50,63152373
50,61459183
50,62017663
50,76334252
50,66551944
50,68115053
50,64908537
50,67895247
50,62189345
50,68518395
50,65194820
50,64823349
50,59721884
50,64466760
50,63735049
50,62560570
50,65138710
50,64464978
50,64682043
50,62409696
50,61906185
50,61392008
50,62818581
50,64287146
50,63667698
50,64458110
50,60579805
50,62112374
50,63958351
50,61663860
50,65049982
50,63086516
50,61173325
50,62405918
50,62661094
50,63333433
50,63022238
50,64117046
50,63863070
50,61417810
50,62308798
50,63102433
50,61930509
50,61554723
50,66541035
50,62881542
50,63572228
50,62752615
50,63973984
50,61659699
50,78313120
50,77140541
50,69307675
50,63531578
50,64035495
50,62401254
50,62204798
50,62727376
50,64013221
50,62394437
50,64488294
50,64970873
50,62582183
50,62469415
50,66907064
50,63616085
50,63421585
50,64080261
50,60725834
50,61375932
50,62131653
50,63599203
50,64811265
50,61572393
50,64101437
50,63101637
50,61203432
50,63007042
50,63574392
50,65291937
50,62158089
50,60929833
50,63602483
50,63801740
50,65345734
50,62363590
50,61627763
50,63392888
50,67030295
50,62922109
50,62757996
50,65287550
50,62832149
50,61583220
50,65881650
50,64150800
50,63235545
50,77173183
50,75444044
50,77887092
50,66197094
50,63148337
50,63561063
50,60945086
50,62211438
50,62752355
50,62663894
50,64697402
50,65962546
50,65822891
50,63237574
50,64907973
50,63063376
50,64994294
50,61106754
50,66703431
50,62182197
50,64915099
50,62145435
50,65004772
50,64798025
50,62472424
50,62227209
50,63591086
50,62967049
50,64806882
50,61626819
50,61744827
50,62114376
50,63573783
50,62474435
50,63924203
50,60102360
50,63094074
50,62702313
50,63664518
50,63962010
50,59083587
50,63367000
50,61199127
50,64249619
50,62980051
50,65329335
50,62805803
50,80441280
50,77037720
50,61852634
50,62415785
50,65427468
50,60774907
50,65534562
50,62602607
50,65424716
50,63823486
50,63591040
50,63120955
50,63471613
50,65038432
50,62841759
50,66256960
50,63736884
50,67584239
50,63715447
50,64838202
50,62786651
50,62940040
50,63506084
50,60789109
50,63304406
50,88759621
50,65632489
50,68164117
50,61783074
50,61491844
50,63142615
50,60528959
50,60387909
50,65354191
50,62612517
50,67233320
50,64298417
50,65194710
50,61957953
50,63036496
50,67664347
50,61025187
50,62925905
50,64834125
50,64949428
50,65187711
50,62839841
50,76409413
50,69527075
50,64592304
50,64209148
50,64457449
50,65440701
50,65341141
50,62216718
50,64433855
50,66477662
50,62315628
50,67350589
50,64683320
50,60943023
50,60900963
50,62561795
50,63457803
50,67822148
50,63233407
50,63897395
50,65330765
50,62943808
50,62573788
50,60602132
50,64425470
50,65125543
50,66048973
50,62038522
50,61603856
50,65980050
50,66481506
50,62017794
50,65140784
50,62810871
50,63005660
50,66055850
50,64016466
50,64173783
50,63832176
50,63425490
50,62918521
50,63458788
50,64505070
50,60403535
50,66979099
50,61751162
50,63118082
50,79422525
50,69181774
50,70211939
50,66227233
50,65160057
50,66633785
50,62941143
50,64113736
50,63864014
50,65796092
50,63401616
50,64175067
50,65003244
50,63188363
50,62398492
50,61581475
50,62038721
50,64684742
50,65850451
50,62223180
50,62348517
50,63276768
50,61535097
50,66237124
50,63277612
50,63839002
50,65904147
50,62924442
50,62070921
50,62189519
50,63129446
50,66263747
50,65527470
50,62007829
50,63974691
50,63166013
50,62810870
50,66302931
50,64907824
50,68109052
50,64132827
50,61712574
50,61885017
50,66090035
50,63742366
50,65272265
50,61101294
50,78913948
50,78189259
50,65809146
50,65632018
50,69194615
50,63064267
50,66862175
50,61102547
50,65438471
50,64094287
50,62526956
50,64117948
50,63366142
50,61473655
50,67786999
50,65863837
50,64858262
50,63333175
50,65503362
50,67456115
50,67198505
50,64064280
50,63707652
50,63951422
50,65631674
50,64775544
50,65092519
50,62921007
50,64439508
50,65128438
50,61414830
50,61672842
50,69955593
50,64246585
50,64270843
50,62933417
50,63244264
50,61720472
50,66786602
50,75023403
50,67491064
50,63117827
50,63634680
50,64780663
50,62016094
50,62005657
50,62217025
50,84398297
50,71382493
50,65144968
50,65392345
50,68422700
50,62053204
50,63189674
50,62470277
50,68093253
50,60647916
50,68364632
50,64314063
50,70692786
50,64305810
50,67026085
50,63080566
50,64496184
50,65084623
50,63332563
50,62119409
50,62693160
50,67245413
50,65164867
50,61698966
50,62939036
50,67351480
50,62880677
50,63910085
50,60069913
50,61479782
50,65801165
50,62149868
50,68285158
50,68244275
50,65125358
50,64249290
50,61946165
50,64025868
50,67642328
50,65820853
50,64727473
50,64780687
50,63405648
50,62909585
50,62220404
50,65943837
50,64445894
50,87324966
50,74042335
50,70183511
50,64450690
50,63638352
50,64768275
50,65088206
50,64865879
50,63815162
50,62104122
50,63541427
50,65475958
50,61879817
50,66354626
50,63420819
50,64251605
50,63350133
50,65328097
50,63133109
50,68354530
50,65471770
50,62918654
50,64500694
50,64253231
50,68299531
50,62607367
50,67627749
50,63776270
50,64820433
50,63909560
50,63666839
50,65217985
50,66238810
50,65462688
50,64831735
50,63466237
50,64534363
50,64330381
50,65306959
50,63360087
50,66264093
50,90427717
50,68686671
50,64059587
50,63658657
50,64349723
50,64061390
50,80834659
50,71553377
50,69451619
50,64988538
50,64404875
50,62193771
50,64978021
50,65425719
50,65134495
50,61618527
50,65440316
50,65922292
50,64977375
50,66819142
50,64566368
50,71835096
50,69507610
50,64293627
50,65821089
50,64525572
50,66950383
50,65586299
50,63268699
50,66500632
50,64543980
50,63369271
50,64206588
50,67612666
50,67328479
50,63038782
50,62948484
50,65434239
50,64151479
50,66133278
50,63799864
50,65289331
50,68615847
50,62608650
50,63878310
50,64397700
50,62719851
50,68855404
50,63387317
50,64703912
50,65700607
50,62820218
50,67023411
50,81574489
50,69884461
50,64685999
50,63500569
50,66169883
50,63892897
50,65539219
50,63152432
50,63374363
50,63147276
50,68621072
50,61305342
50,62673469
50,67355899
50,61998173
50,61828489
50,62190808
50,66130185
50,62059290
50,62985973
50,62008395
50,61912850
50,62888414
50,61084617
50,60940056
50,65712297
50,63800535
50,61425686
50,61831081
50,61489882
50,63873585
50,62727719
50,68173128
50,62631506
50,62133537
50,66757671
50,60032231
50,64251922
50,60946428
50,63559389
50,60487979
50,61640203
50,60092944
50,64310209
50,63502316
50,61946167
50,62005522
50,74709834
50,68362503
50,62993464
50,63077233
50,63423452
50,63436090
50,63853885
50,62187827
50,65842724
50,65962361
50,62841048
50,61864409
50,65590320
50,62562435
50,60632264
50,62288747
50,63700215
50,61638772
50,62058916
50,61722400
50,61779318
50,61806988
50,65056097
50,61902332
50,61199679
50,63409762
50,61555225
50,61311511
50,61247500
50,63615793
50,63635467
50,65522943
50,65802171
50,61776340
50,64728915
50,61092544
50,66391180
50,62830222
50,66219809
50,63979864
50,63623209
50,61528273
50,64310624
50,60751863
50,63792414
50,65486472
50,64635080
50,80547985
50,71084103
50,67168249
50,64682268
50,65339858
50,63113401
50,63916037
50,62381802
50,65855470
50,63766109
50,59967502
50,65292411
50,63760710
50,62261953
50,63409027
50,62890922
50,61925284
50,62831930
50,62914267
50,63700212
50,63097736
50,62704511
50,63210475
50,62498775
50,64964464
50,62019107
50,65452440
50,63819977
50,64042637
50,62730124
50,60244398
50,61821685
50,63278160
50,65493990
50,66884708
50,67752172
50,64829003
50,64756927
50,59995874
50,59943592
50,63716058
50,62423602
50,61987490
50,62365979
50,60875185
50,63673827
50,63091091
50,77157869
50,68044675
50,76006979
50,60825756
50,63941648
50,63921431
50,63667765
50,61892187
50,63732950
50,64011038
50,62388472
50,60842425
50,60158069
50,64718317
50,67805775
50,64863615
50,62968380
50,61880717
50,64478143
50,61861967
50,62843649
50,63770992
50,62786165
50,61637757
50,68596219
50,61550045
50,62583281
50,61849880
50,62450009
50,62740000
50,64746613
50,63229103
50,62707255
50,60857936
50,64799592
50,67222147
50,62316882
50,69293106
50,60870337
50,61564120
50,63990892
50,61223064
50,67246286
50,64382457
50,62329896
50,64075569
50,61955651
50,83358252
50,77028698
50,65609964
50,66256250
50,68084208
50,62418527
50,64573551
50,61331344
50,64656203
50,85191859
50,64160608
50,65614750
50,65421230
50,62177212
50,60333921
50,62661011
50,63967978
50,61564828
50,62916627
50,62697377
50,62837662
50,63793474
50,60043009
50,61660651
50,62798382
50,66774023
50,63127461
50,61317389
50,60717430
50,61373951
50,60144491
50,61690142
50,62801946
50,62775879
50,61919019
50,62239713
50,60540287
50,61883133
50,66627950
50,66296464
50,59886779
50,64224508
50,63051492
50,62873575
50,64987408
50,63397314
50,60231804
50,80014263
50,84875875
50,67104568
50,64400521
50,61823259
50,63175854
50,62229911
50,61403364
50,62847379
50,68361783
50,67356241
50,59905268
50,64562849
50,61474546
50,65071930
50,62816220
50,62434243
50,61492480
50,61229101
50,61901668
50,64194930
50,62606357
50,63113797
50,62608250
50,61927202
50,62838291
50,63231691
50,63122637
50,60574518
50,65752812
50,62253395
50,65832140
50,61719807
50,60217244
50,62387754
50,64146402
50,61155799
50,60591481
50,62820941
50,61772473
50,61159268
50,60058801
50,61051152
50,63990424
50,63705894
50,62040431
50,64511359
50,83230761
50,67569625
50,63319259
50,62906596
50,63100901
50,63778649
50,59952753
50,64289879
50,69558153
50,61709295
50,64975885
50,63548993
50,63114499
50,63772217
50,64337679
50,63210840
50,62266101
50,60214706
50,63898013
50,62883605
50,61438843
50,62891347
50,66155708
50,64409013
50,66944624
50,61786619
50,65109772
50,61938695
50,65923696
50,59616917
50,62490922
50,64456878
50,63488340
50,64662890
50,63862142
50,61876585
50,65361504
50,62092302
50,61419552
50,61717525
50,66097801
50,61929519
50,62053889
50,60598079
50,66482708
50,64171649
50,63666346
50,76447437
50,65536929
50,64907026
50,62692928
50,64018499
50,66284800
50,63990178
50,63640018
50,62400450
50,63662278
50,60868411
50,66234817
50,62398200
50,64421642
50,63516011
50,64164909
50,66949981
50,61291064
50,61624489
50,62967041
50,62784153
50,60543575
50,60780153
50,61369187
50,61799192
50,62856412
50,62287558
50,63865303
50,65931799
50,62766874
50,66210476
50,62885046
50,63488009
50,62311713
50,59691284
50,65193680
50,64899688
50,62573346
50,66832634
50,62530526
50,63713399
50,65720837
50,62244046
50,65814958
50,61002400
50,59428955
50,62612143
50,83164015
50,69747116
50,67647338
50,60459274
50,64756394
50,64168400
50,62532990
50,62279894
50,61084952
50,67661357
50,64377531
50,65117044
50,62943411
50,62975077
50,63328211
50,61634779
50,66625258
50,61763091
50,61654196
50,63725284
50,65371040
50,65060730
50,64489586
50,63161426
50,63471591
50,62841604
50,66104043
50,61654328
50,63207604
50,60650581
50,60575809
50,64993927
50,62622241
50,64855758
50,60581608
50,64542061
50,61663254
50,64192528
50,61511106
50,61063621
50,63400746
50,60248601
50,61000468
50,62292253
50,63222267
50,63789612
50,62556549
50,79128308
50,71955296
50,64509648
50,64239606
50,63755616
50,66188858
50,61706887
50,60853208
50,62783533
50,69754313
50,60867258
50,62505255
50,63185507
50,63664863
50,62258118
50,68367360
50,62966860
50,65045518
50,64385289
50,83224687
50,67163334
50,64720179
50,65827220
50,66293905
50,66392694
50,62174661
50,60171384
50,67648191
50,61933635
50,62536305
50,64338675
50,63064014
50,64632339
50,61465444
50,62841780
50,62538687
50,64692422
50,65322583
50,61167430
50,62383770
50,62131381
50,66412811
50,62634685
50,66780435
50,63801600
50,62565579
50,64663484
50,77299757
50,67527933
50,66668670
50,69341255
50,65337296
50,62930513
50,64514205
50,62918509
50,63479686
50,63178460
50,61146379
50,63686823
50,63106310
50,61319491
50,64648454
50,62805733
50,63694396
50,63834687
50,63200539
50,63787787
50,63271875
50,63890098
50,64308144
50,65473039
50,62052236
50,60605432
50,60802256
50,63609405
50,60907054
50,64166546
50,61845617
50,64456161
50,62690705
50,61451850
50,65851639
50,61618618
50,61986342
50,63706559
50,64752029
50,62888177
50,61953647
50,61925084
50,63286837
50,61867361
50,62433271
50,62061397
50,63712103
50,81384058
50,67557848
50,65214876
50,64877576
50,62314761
50,62847385
50,60560051
50,64350618
50,64801777
50,61594390
50,64749100
50,63336411
50,64594794
50,64433222
50,65577976
50,63612193
50,65909166
50,67063535
50,66320977
50,63477567
50,62617027
50,63717170
50,60682550
50,60178730
50,66923686
50,61511029
50,64510660
50,64913166
50,61762146
50,63087432
50,62203218
50,66082224
50,64625705
50,64826024
50,61710376
50,63768556
50,60994121
50,65556887
50,60590190
50,62135583
50,61023004
50,59461155
50,62146430
50,63937224
50,64277929
50,65538868
50,62535343
50,77752082
50,71631414
50,62764820
50,62717371
50,64692841
50,63392541
50,65457951
50,65616578
50,67533655
50,69755149
50,66053983
50,63964848
50,64685543
50,70679940
50,62943070
50,60846032
50,62511044
50,61269551
50,65098373
50,62687145
50,61234189
50,68724759
50,63318840
50,66993269
50,63482123
50,61379057
50,68200383
50,62871670
50,62970238
50,65492709
50,63629717
50,62570380
50,63364817
50,65788135
50,60873728
50,63616753
50,62435986
50,62684213
50,61732320
50,64178109
50,60373221
50,63458300
50,62591279
50,62839483
50,65505899
50,64091479
50,63254412
50,77985773
50,66347844
50,65968467
50,64062766
50,61392617
50,64596242
50,70930125
50,65654432
50,63004817
50,66354138
50,66397855
50,63533557
50,65044526
50,65705420
50,64934392
50,65232065
50,63285544
50,65531443
50,62045981
50,63855487
50,61839337
50,64471942
50,65985370
50,65857402
50,61037504
50,64447770
50,63103066
50,65406687
50,63124708
50,62680288
50,65861957
50,64827616
50,62063069
50,64183828
50,61641818
50,62426240
50,64454191
50,62148187
50,64691823
50,62896760
50,66830857
50,63945560
50,66350783
50,65702824
50,66412595
50,62469915
50,63060730
50,81080853
50,76616622
50,68769782
50,68053547
50,65087020
50,63677777
50,66129804
50,65787940
50,61547620
50,65413686
50,63146730
50,62927722
50,62321499
50,64589894
50,67681640
50,65937965
50,67541250
50,63623620
50,63057036
50,71062293
50,79817149
50,63947598
50,62754299
50,63246050
50,61570407
50,94326406
50,69137503
50,61206410
50,64554625
50,61231236
50,65830938
50,67208191
50,67147469
50,62152251
50,65529419
50,67270873
50,64542298
50,61797372
50,64827670
50,62571119
50,61980365
50,62158727
50,62888705
50,63215347
50,65116318
50,63564005
50,62877425
50,79546818
50,69101302
50,64043166
50,67994201
50,65734025
50,63289520
50,71161842
50,63190329
50,63033670
50,64944025
50,62870362
50,66055508
50,64698445
50,65086725
50,65945350
50,63245235
50,64422860
50,62482769
50,65157572
50,66698827
50,63182877
50,64825708
50,63162741
50,65099250
50,63213448
50,64813042
50,63542748
50,64155917
50,63500479
50,66572851
50,62808121
50,62820316
50,64427342
50,64842024
50,63665875
50,62726052
50,62124585
50,62134674
50,64154507
50,63486035
50,62835242
50,62518307
50,64481285
50,65035077
50,67003603
50,61033844
50,61179873
50,82429005
50,70149734
50,68543230
50,63927688
50,62927959
50,63657034
50,62471713
50,62514220
50,68089631
50,60292700
50,69455881
50,64283200
50,61193170
50,64086276
50,62877109
50,63037389
50,62893577
50,66868048
50,64391992
50,62118553
50,68496911
50,64988515
50,65658285
50,65813634
50,66436014
50,61735230
50,63950669
50,63408838
50,61280569
50,64062850
50,61503784
50,63991364
50,63680670
50,64201196
50,63503667
50,61059429
50,62669716
50,63892506
50,62425292
50,63663688
50,64154454
50,63666683
50,66609660
50,63081311
50,64482417
50,63928649
50,65758545
50,78439324
50,72781951
50,78558353
50,65285369
50,62823051
50,64676124
50,63301940
50,64046086
50,66610022
50,64431247
50,64007620
50,64568079
50,64217234
50,62587197
50,62771593
50,63939089
50,62653194
50,62603801
50,65007469
50,62850366
50,63833139
50,62681661
50,62383697
50,65828431
50,63055136
50,62305428
50,64767624
50,63594842
50,63278218
50,65922150
50,62979588
50,63322757
50,61802669
50,67789509
50,65377323
50,59836764
50,61515168
50,64651949
50,62058286
50,62536590
50,62242747
50,64603866
50,62031449
50,62287765
50,63349698
50,62616577
50,62964302
50,79080786
50,71228028
50,65796868
50,65001223
50,67006319
50,59712627
50,62509092
50,66630604
50,63313666
50,64376409
50,63484255
50,62708097
50,62423402
50,62941314
50,62145488
50,65881477
50,62268527
50,63473037
50,64097475
50,63669104
50,65202509
50,61170919
50,64384629
50,63992718
50,62195407
50,69484309
50,63385281
50,60641120
50,65145792
50,62588158
50,64352482
50,64917787
50,65072825
50,67370117
50,65163469
50,63682588
50,65872441
50,65064539
50,62379434
50,62865947
50,62358191
50,63646876
50,61117667
50,68188931
50,63286224
50,63026087
50,63021292
50,80936865
50,70653256
50,62870189
50,65164622
50,63091673
50,60462793
50,70206699
50,64239225
50,62437807
50,63689412
50,62872581
50,63503955
50,65675410
50,67828772
50,67557008
50,61214009
50,62137270
50,65213035
50,63519189
50,62697183
50,63806991
50,63375477
50,61914693
50,65425692
50,64519299
50,63151036
50,60614569
50,64927732
50,61252435
50,61194982
50,74429466
50,61876367
50,83869863
50,69220598
50,61490754
50,63762248
50,63434097
50,66816023
50,65392450
50,61223242
50,63843769
50,61533114
50,61901504
50,63847712
50,66629455
50,63501196
50,62101029
50,84624724
50,80402085
50,63368689
50,63422946
50,63319192
50,62671246
50,65281462
50,62228797
50,65620490
50,62868447
50,63335937
50,64929073
50,62988917
50,63281613
50,64502420
50,63343325
50,63859647
50,62897331
50,67054818
50,63551771
50,61482419
50,63567461
50,61109410
50,67801482
50,64277670
50,66076943
50,62112123
50,62187617
50,61344619
50,64713796
50,65430521
50,61829910
50,61551166
50,61871734
50,65468158
50,64286745
50,62067790
50,67598148
50,68344518
50,64848862
50,60936213
50,61826219
50,63185251
50,62910543
50,63675250
50,63415931
50,63362257
50,83481392
50,67855320
50,64967620
50,64296914
50,65275734
50,65716397
50,62348912
50,62902040
50,61322671
50,62241178
50,64893969
50,61037897
50,65402383
50,67218817
50,63631503
50,68902007
50,63477165
50,63292281
50,64352455
50,62178204
50,65307167
50,64297253
50,62268438
50,65990295
50,62857958
50,63858425
50,65757398
50,63005129
50,64631116
50,60244714
50,61208243
50,64665028
50,65039941
50,60788114
50,63512842
50,64488636
50,66191230
50,65396658
50,62595403
50,64940131
50,64010379
50,62863263
50,66517519
50,60879868
50,62675565
50,65123912
50,64839092
50,79129867
50,72536909
50,67076557
50,61507698
50,64032866
50,64123565
50,63528431
50,65918378
50,63375159
50,66263267
50,62668197
50,63966491
50,65513987
50,62918573
50,62510760
50,63460589
50,63622414
50,65385221
50,63713053
50,65927051
50,62641664
50,62870070
50,62739243
50,64264574
50,62100094
50,62928856
50,62792188
50,61795969
50,64047916
50,64736257
50,64083418
50,66504097
50,62271240
50,65579314
50,61084307
50,62791130
50,63747083
50,60755592
50,65076030
50,63495343
50,63308794
50,64165976
50,61499812
50,62027445
50,63544254
50,65334491
50,66314197
50,80925466
50,80442464
50,63691527
50,62799760
50,65387042
50,62327724
50,65521279
50,68002587
50,61558947
50,65166873
50,61197657
50,64618534
50,67838683
50,61772732
50,65993353
50,61721599
50,66261291
50,63524540
50,62542118
50,64165326
50,62505803
50,65957094
50,64192622
50,61009223
50,64017033
50,62543133
50,62533054
50,62790616
50,64674481
50,63290046
50,64420822
50,63952816
50,66143632
50,63160636
50,61700415
50,64578550
50,61937098
50,62246755
50,62570607
50,62640932
50,68191376
50,67283508
50,63726295
50,61673983
50,60970909
50,61853544
50,63426112
50,80328562
50,67718342
50,75337382
50,64537223
50,62655356
50,63871874
50,63159733
50,61493850
50,62988628
50,63282346
50,63489264
50,69070240
50,71306975
50,64414364
50,61893021
50,64942948
50,63963907
50,63555166
50,63138926
50,64637276
50,65070855
50,63530660
50,60918451
50,63282374
50,66639371
50,64906446
50,65145100
50,63094842
50,61076221
50,65857212
50,61386968
50,62003642
50,61108651
50,62089375
50,62040471
50,65062812
50,62633448
50,64867907
50,61543158
50,65347163
50,62475132
50,62903979
50,63433656
50,87633225
50,70610080
50,66278522
50,62122102
50,80552797
50,77203657
50,75059411
50,64619600
50,63693812
50,156438950
50,78650865
50,64340361
50,63213878
50,60995525
50,64353332
50,64281610
50,64928842
50,64558087
50,63904838
50,67735971
50,66531672
50,62470605
50,63155975
50,61932828
50,64987052
50,62484763
50,63770433
50,63425500
50,62757958
50,61699243
50,63759890
50,61669647
50,65338097
50,64112826
50,63627346
50,63477695
50,61868516
50,67144622
50,63731416
50,63414860
50,66048211
50,65065126
50,66296750
50,63186863
50,66995908
50,64678810
50,61180254
50,62115624
50,65298720
50,61527628
50,62057890
50,80818298
50,168814950
50,160602303
50,90363117
50,62187732
50,59901042
50,61753929
50,62375607
50,60802808
50,64248691
50,68426495
50,64516768
50,64066842
50,64975210
50,63258097
50,65664894
50,62798275
50,62591054
50,63089723
50,62897372
50,70012972
50,61827552
50,64760994
50,65074740
50,62495976
50,66139391
50,61635995
50,68077867
50,61983343
50,61767000
50,63477617
50,63903486
50,60857155
50,64728211
50,61138775
50,67135289
50,64472027
50,65080758
50,64402246
50,65237248
50,66422292
50,63073903
50,62617322
50,66178447
50,67381701
50,67212039
50,67211245
50,80671991
50,69776147
50,68837921
50,62765224
50,65169586
50,61452423
50,66462744
50,61195206
50,64842026
50,61169115
50,62675534
50,65610255
50,61495621
50,63457308
50,65732313
50,63269681
50,64169755
50,64314973
50,61616636
50,66797606
50,61482753
50,63057672
50,64778528
50,62036546
50,63955458
50,60535948
50,64247959
50,65872848
50,64193017
50,65251803
50,63781616
50,64001039
50,65091456
50,66111779
50,64845239
50,62831946
50,62486162
50,66534768
50,63173755
50,63014508
50,65231607
50,62461505
50,62898803
50,62845722
50,63087818
50,63239101
50,65958655
50,79854975
50,68721621
50,65835473
50,65821141
50,63693965
50,64776162
50,66488529
50,65824178
50,65819206
50,63416792
50,62695877
50,63472068
50,62529170
50,63799762
50,64776161
50,65215784
50,65410787
50,64905186
50,67400395
50,63653588
50,63704722
50,64945137
50,65505646
50,68382001
50,63045481
50,64083726
50,62469755
50,62375525
50,63167954
50,63068196
50,63589067
50,65066415
50,63688483
50,64252497
50,65006654
50,65486072
50,63256441
50,64098280
50,63374761
50,63428882
50,64730702
50,63282019
50,63003803
50,62709553
50,61889796
50,63145431
50,67602551
50,78285733
50,68493196
50,73794778
50,65695223
50,66761925
50,69044250
50,63695634
50,61915724
50,61480534
50,64081792
50,64449972
50,64333778
50,64423420
50,65655655
50,64615423
50,65298001
50,62330268
50,63561998
50,64294665
50,63954486
50,66095129
50,62494675
50,64907848
50,62367246
50,63276806
50,64632907
50,63304464
50,63431285
50,65464711
50,66595975
50,70242026
50,64995342
50,60936977
50,62673335
50,64759058
50,64100844
50,62937112
50,66388640
50,63753320
50,63299713
50,64974471
50,65303305
50,63669897
50,63582776
50,61472791
50,61758044
50,66141023
50,85907827
50,66969947
50,63680813
50,64447944
50,68684543
50,63304292
50,65127802
50,89621952
50,64640929
50,65327668
50,63836526
50,66411291
50,63098909
50,65557312
50,63803459
50,63986798
50,64558182
50,63599706
50,65579676
50,64564950
50,63128023
50,64971019
50,62201976
50,64339718
50,65877960
50,63806092
50,62756506
50,63897817
50,63735703
50,67114176
50,69695615
50,61592782
50,63813510
50,61922973
50,62617304
50,65774642
50,62900792
50,64520427
50,62934514
50,63149125
50,64267911
50,61851189
50,67600579
50,64933493
50,68056338
50,66669539
50,65594896
50,78928213
50,68533453
50,64546959
50,67472158
50,66556123
50,64469927
50,63972505
50,61282658
50,64771384
50,63785368
50,65216792
50,63202355
50,63833539
50,66107903
50,62369244
50,65003896
50,64031214
50,62164733
50,67160394
50,64437498
50,72409199
50,71003370
50,60068103
50,67774021
50,62452162
50,67368623
50,63377081
50,61138248
50,65094040
50,66907678
50,67605819
50,67827627
50,62176627
50,61490806
50,62438566
50,61823147
50,66948722
50,67795142
50,65822255
50,63033828
50,63926629
50,69495421
50,62615005
50,65444405
50,62227686
50,62575538
50,67818374
50,79495157
50,65405337
50,63257812
50,68469112
50,65696113
50,63744344
50,62226164
50,65181921
50,62680726
50,63412733
50,61743889
50,65927024
50,65108802
50,63597107
50,66733644
50,64838252
50,66140562
50,64642663
50,69942996
50,70897568
50,64818717
50,61698976
50,64748569
50,65273898
50,69399087
50,64511716
50,65833615
50,64169781
50,65967028
50,64085162
50,65093867
50,63032950
50,63925845
50,61876518
50,63762726
50,62252842
50,65177619
50,65952695
50,67310787
50,64949311
50,65622499
50,66196650
50,67232667
50,63968660
50,63011212
50,66947504
50,64960715
50,82268287
50,69353626
50,68666847
50,65877139
50,65785490
50,66134835
50,65061666
50,64638168
50,64900350
50,65069813
50,64001926
50,64984355
50,66731029
50,65958780
50,65119670
50,67519507
50,67643882
50,64586430
50,63460595
50,61625993
50,63998361
50,69436095
50,60803389
50,65749276
50,64669677
50,63481937
50,63057780
50,65567442
50,63019661
50,62036683
50,64911766
50,64768204
50,65308410
50,66902781
50,63815181
50,66886338
50,65941809
50,62734185
50,62400580
50,63772571
50,63986212
50,65464535
50,63422447
50,63409576
50,61771203
50,63445797
50,66266202
50,85038194
50,70930827
50,66531626
50,68399802
50,71971522
50,65718299
50,66804344
50,63590199
50,62665372
50,66473484
50,62414631
50,67387056
50,64437797
50,67140015
50,65192169
50,67154820
50,67206032
50,64134019
50,67089932
50,67248288
50,65684544
50,66838087
50,63099841
50,63168139
50,64390858
50,64350739
50,64962037
50,65746965
50,66278892
50,65469641
50,65905712
50,99682544
50,67180866
50,63705089
50,63744197
50,63369681
50,64676173
50,64810127
50,66171593
50,66882399
50,62865498
50,64469385
50,66106053
50,62423927
50,66508809
50,64158137
50,66586634
50,79064608
50,78164678
50,68462067
50,64423538
50,65774315
50,65850844
50,62732990
50,68240918
50,64301303
50,63255804
50,63956366
50,68894152
50,71263836
50,64505586
50,63286521
50,67990604
50,68763698
50,66408862
50,68391574
50,89944590
50,66193972
50,64022735
50,66282624
50,67530360
50,63914034
50,69801810
50,64649629
50,62683277
50,64989570
50,64541683
50,64552742
50,66415614
50,67109495
50,60888501
50,65300759
50,63673613
50,62733455
50,64251606
50,64813179
50,63927281
50,66689857
50,66905317
50,67117905
50,64206908
50,64049526
50,65499510
50,63215151
50,84153469
50,71812688
50,68731379
50,66713128
50,63110171
50,65453851
50,65678679
50,62060974
50,70432030
50,65474320
50,65341923
50,62921259
50,70468848
50,63420533
50,69980383
50,65238007
50,63735031
50,65357390
50,66589058
50,63244096
50,64055667
50,66439140
50,64951748
50,66295680
50,65951223
50,68082048
50,63399147
50,66683330
50,64723603
50,63971789
50,64667623
50,64090870
50,66212502
50,66824744
50,66189281
50,67451243
50,66181708
50,69892186
50,64826252
50,64213427
50,65131572
50,62264066
50,65983208
50,69794089
50,64824161
50,66564992
50,64170250
